Transaction Date,Action,Symbol,Quantity,Price,Costs,Net Amount,Currency,Account #,Activity Type,Account Type
2024-01-05,CON,,0,0,0,10000.00,CAD,51234567,Deposits,TFSA
2024-01-08,Buy,VFV.TO,40,112.50,4.95,-4504.95,CAD,51234567,Trades,TFSA
2024-01-08,Buy,XEQT,150,27.80,4.95,-4174.95,CAD,51234567,Trades,TFSA
2024-02-01,DEP,,0,0,0,8000.00,CAD,51234568,Deposits,RRSP
2024-02-02,FXT,,0,0,0,-6800.00,CAD,51234568,FX conversion,RRSP
2024-02-02,FXT,,0,0,0,5000.00,USD,51234568,FX conversion,RRSP
2024-02-05,Buy,AAPL,15,187.50,4.95,-2817.45,USD,51234568,Trades,RRSP
2024-02-05,Buy,MSFT,5,405.00,4.95,-2029.95,USD,51234568,Trades,RRSP
2024-03-28,DIV,VFV.TO,0,0,0,18.12,CAD,51234567,Dividends,TFSA
2024-05-16,DIV,AAPL,0,0,0,3.60,USD,51234568,Dividends,RRSP
2024-06-13,DIV,MSFT,0,0,0,3.75,USD,51234568,Dividends,RRSP
2024-06-28,DIV,XEQT,0,0,0,21.30,CAD,51234567,Dividends,TFSA
2024-07-02,CON,,0,0,0,7000.00,CAD,51234567,Deposits,TFSA
2024-07-03,Buy,VFV.TO,30,135.20,4.95,-4060.95,CAD,51234567,Trades,TFSA
2024-11-15,Sell,AAPL,-5,225.00,4.95,1120.05,USD,51234568,Trades,RRSP
2025-01-02,CON,,0,0,0,7000.00,CAD,51234567,Deposits,TFSA
2025-01-03,Buy,XEQT,200,32.10,4.95,-6424.95,CAD,51234567,Trades,TFSA
2025-03-31,FCH,,0,0,0,-25.00,CAD,51234567,Fees and rebates,TFSA
2025-06-27,DIV,XEQT,0,0,0,52.40,CAD,51234567,Dividends,TFSA
2025-09-10,Buy,SHOP,10,210.00,4.95,-2104.95,CAD,51234567,Trades,TFSA
